;foto;localizacao;nome
0;./Mulheres Palestrantes_files/tumblr_n8g0ld4jND1tfojqwo1_1280.jpg;Caxias do Sul/RS;Adriana Antunes
1;./Mulheres Palestrantes_files/AAEAAQAAAAAAAAqwAAAAJDE0YmE0MmIxLWM5NjMtNDQ5MC05M2FjLWNjMDFjOGU5NzA1Zg.jpg;Porto Alegre/RS;Adriana da Rosa Amaral
2;./Mulheres Palestrantes_files/07ac697bcff40050a82cb4503de9eb68.png;São Paulo/SP;Alda Rocha
3;./Mulheres Palestrantes_files/0ccfeff.jpg;Porto Alegre/RS;Alessandra Guglieri
4;./Mulheres Palestrantes_files/placeholder-female.jpg;São Paulo/SP;Alice Coutinho
5;./Mulheres Palestrantes_files/AlinedeCampos.jpg;Porto Alegre/RS;Aline de Campos
6;./Mulheres Palestrantes_files/AAEAAQAAAAAAAAYFAAAAJDVkMzNjY2U2LTNjMGQtNDE5NC1hNDgxLTBmM2RhY2MyYjBiNQ.jpg;Belém/PA;Aline M. C. Freitas
7;./Mulheres Palestrantes_files/profile.jpg;Curitiba/PR;Aline Pêgas
8;./Mulheres Palestrantes_files/allinejajah-1418015868_280.jpg;Goiânia/GO;Alline Jajah
9;./Mulheres Palestrantes_files/26e9188.jpg;São Paulo/SP, Rio de Janeiro/RJ, Brasília/DF e Goiânia/GO;Alline Oliveira
10;./Mulheres Palestrantes_files/AAEAAQAAAAAAAAcsAAAAJDc5ODNjOTU3LWE5MjItNGZjNi04ZjJkLTYwODJlYjU3OWYyNw.jpg;Belém/PA;Alynne Cid
11;./Mulheres Palestrantes_files/b1888a06cb886303500bc65c1d81f200.jpeg;Aracaju/SE;Amanda Santana
12;./Mulheres Palestrantes_files/ff491a846bf9e5f3f5d081787ff54ae2.jpeg;Porto Alegre/RS;Amanda Silva Vieira
13;./Mulheres Palestrantes_files/3ab1d4a265ad9289afe10956a78271df.jpeg;Sorocaba/SP;Amanda Vilela
14;./Mulheres Palestrantes_files/AAEAAQAAAAAAAAigAAAAJDc4Y2E4ZjUyLTVhYzAtNDgxNi05YTk0LWZhY2M5OWQ1Y2MzNA.jpg;Belo Horizonte/MG;Amanda Zacarias Marinho
15;./Mulheres Palestrantes_files/9038852;Recife/PE;Amélia Pessoa
16;./Mulheres Palestrantes_files/ts6SYp9G_400x400.jpg;Salvador/BA;Ana Antar
17;./Mulheres Palestrantes_files/8314551;Brasília/DF;Ana Barcellos
18;./Mulheres Palestrantes_files/0b16903eeb7899542ce526c21eee7c74.jpeg;Florianópolis/SC;Ana Carolina Alves Rodrigues
19;./Mulheres Palestrantes_files/AAEAAQAAAAAAAAMDAAAAJDRiZDJjMDczLWE5MWMtNGU0Yi04ZTc4LTk5NjU2M2VmNTlmNQ.jpg;Manaus/AM;Ana Clarissa
20;./Mulheres Palestrantes_files/0_pIHHOU-J17PpZDyH.jpg;São Paulo/SP;Ana Del Mar
21;./Mulheres Palestrantes_files/AAIAAgDGAAAAAQAAAAAAAAmTAAAAJDY4MGJhMGI5LTBhNmEtNDU4Yi04ZWVlLWE1ZjFhNzdlODNmZg.jpg;São Paulo/SP;Ana Fontes
22;./Mulheres Palestrantes_files/AAEAAQAAAAAAAAhkAAAAJDc3MjI1MDk3LWFiMDctNDNlYi1iYmJhLTEwYjA3NTBkNGVmOA.jpg;Rio de Janeiro/RJ;Ana Julia Ghirello
23;./Mulheres Palestrantes_files/AAEAAQAAAAAAAAgUAAAAJGI2MjVlZjQwLTQzMzAtNDE3Zi1hZGQ1LWRmZGI5NmEzNzE1NA.jpg;Recife/PE;Ana Luíza Avellar
24;./Mulheres Palestrantes_files/10088900;São Paulo/SP;Ana Luiza Bastos
25;./Mulheres Palestrantes_files/AAEAAQAAAAAAAAi8AAAAJGM4ZDM3NDk0LTcxNmEtNDBjYy1hODFlLWQ0Yzg0ZmViMjUxMA.jpg;Ilhabela/SP;Ana Paula Coelho Barbosa
26;./Mulheres Palestrantes_files/27858278_2471054366452191_7904831545054840493_n.jpg;Teresina/PI;Ana Paula da Silva Mendes
27;./Mulheres Palestrantes_files/placeholder-female.jpg;São Paulo/SP;Ana Paula de Luca
28;./Mulheres Palestrantes_files/placeholder-female.jpg;São Paulo/SP;Ana Paula Gaspar
29;./Mulheres Palestrantes_files/38e1ead1b5834e26fb681116e6b7ebf5.jpeg;Belo Horizonte/MG;Ana Paula Gomes
30;./Mulheres Palestrantes_files/placeholder-female.jpg;Sobral/CE;Ana Paula Marques
31;./Mulheres Palestrantes_files/AAIAAgDGAAAAAQAAAAAAAAxkAAAAJGJmYTRmMzUzLWYzYjYtNDQ2ZS04MWM3LTAxMjIxZTVhMGJlOA.jpg;Salvador/BA;Ana Paula Vargas Maia
32;./Mulheres Palestrantes_files/5718645;Itajubá/MG;Ana Raquel Calháu Pereira
33;./Mulheres Palestrantes_files/fbcae7dfc50e5e33d18cae175d957c64.jpeg;Campina Grande/PB;Ana Ribeiro
34;./Mulheres Palestrantes_files/a4d2fe468c774392ea7deb9efb9e61f5.jpeg;São Paulo e Campinas/SP;Ana Rute Mendes
35;./Mulheres Palestrantes_files/I8PSmdIN.jpg;Porto Alegre/RS;Ana Schwendler
36;./Mulheres Palestrantes_files/3c368abae57d0fb60ff976fb1be47d99;Manaus/AM;Ananda Carvalho
37;./Mulheres Palestrantes_files/AAIA_wDGAAAAAQAAAAAAAAquAAAAJDMzZTZlOTE4LWZmNTctNDUwMy05NzExLTI3ODQ2MDM1M2ExNg.jpg;São Paulo/SP;Andrea Barberà
38;./Mulheres Palestrantes_files/AAEAAQAAAAAAAAgXAAAAJGU1YmVlMjZmLWI4N2UtNGVlNi1iYzlhLWUyMjQ0YTA0YzI3ZQ.jpg;São Paulo/SP;Andrea Siqueira
39;./Mulheres Palestrantes_files/qvDU2DKf.jpg;São Paulo/SP;Andrea Schostack
40;./Mulheres Palestrantes_files/400922;São Paulo/SP;Andréa Zambrana
41;./Mulheres Palestrantes_files/ca79853a5595723513d7da6caf13c94e.jpeg;Rio de Janeiro/RJ;Andressa Chiara
42;./Mulheres Palestrantes_files/272868;Rio de Janeiro/RJ e;Andressa Sivolella
43;./Mulheres Palestrantes_files/19ffbedf91fda0d0bc3f72d719902d66.jpeg; São Paulo/SP;Andreza Leite
44;./Mulheres Palestrantes_files/placeholder-female.jpg;Recife/PE;Anielle Guedes
45;./Mulheres Palestrantes_files/0afb5c6c63c9e0ce7666528524ed6727.jpeg;São Paulo/SP;Anna Cruz
46;./Mulheres Palestrantes_files/6d3f646a5629bc5e23a73cec15cb4975.jpeg;Rio de Janeiro/RJ e São Paulo/SP;Annelise Gripp
47;./Mulheres Palestrantes_files/anyssaferreira-296x300.jpg;Rio de Janeiro/RJ;Anyssa Ferreira
48;./Mulheres Palestrantes_files/1ccd5f673dc4ab769c25180b5b4da5e1.jpeg;São Paulo/SP;Ariadne Pinheiro
49;./Mulheres Palestrantes_files/416a736d3a63450abc19b91bbb7ce64b;Rio de Janeiro/RJ;Ariane Parra
50;./Mulheres Palestrantes_files/AAEAAQAAAAAAAAm0AAAAJDVlYjAxMDI5LWNjMTgtNGQxMy1hNjZkLWEyMTY0YWIyNDVkZA.jpg;São Paulo/SP;Ariane Feijó
51;./Mulheres Palestrantes_files/14958fc6544edc07d96d33d6b6ba6a0b.jpeg;Porto Alegre/RS;Ariane Izac
52;./Mulheres Palestrantes_files/33342fd.jpg;Campinas/SP;Ariela Ranielly de Paula Silveira
53;./Mulheres Palestrantes_files/placeholder-female.jpg;São Paulo/SP;Augusta Guta Orofino
54;./Mulheres Palestrantes_files/763533;São Paulo/SP;Bárbara Barbosa
55;./Mulheres Palestrantes_files/b0bf5ac8e0adfef3bd50004203ef9df7.jpeg;São Paulo/SP;Bárbara Cabral
56;./Mulheres Palestrantes_files/e0914b23096ad6b2c4f16ae206f20b90.jpeg;Florianópolis/SC;Bárbara Dariano Silva Suzuki
57;./Mulheres Palestrantes_files/photo.jpg;São Paulo/SP;Barbara Jacinto
58;./Mulheres Palestrantes_files/HZdoLbi9.jpg;São Paulo/SP;Bianca Brancaleone
59;./Mulheres Palestrantes_files/63ddf8a769ed56c72f36a35c85b5d337.jpeg;Sorocaba/SP;Bianca Rosa
60;./Mulheres Palestrantes_files/17528956;Rio de Janeiro/RJ;Bianca Marques
61;./Mulheres Palestrantes_files/5debfa9b1fb78885f4e8df4915cb425f.jpeg;Salvador/BA;Cah Felix
62;./Mulheres Palestrantes_files/2078347;São Paulo/SP;Camila Achutti
63;./Mulheres Palestrantes_files/2309096;São Paulo/SP;Camila Campos
64;./Mulheres Palestrantes_files/691624a81373dd9da912e1bda573fe10.jpeg;São Paulo/SP;Camila Ferreira
65;./Mulheres Palestrantes_files/placeholder-female.jpg;Florianópolis/SC;Camila Godoy
66;./Mulheres Palestrantes_files/placeholder-female.jpg;São Paulo/SP;Camila Haddad
67;./Mulheres Palestrantes_files/placeholder-female.jpg;São Paulo/SP;Camila Petry Feiler
68;./Mulheres Palestrantes_files/AAEAAQAAAAAAAAgtAAAAJGUyZWNhODE0LTIzMTQtNDhmOC05ZWQ5LWE0ZjZhOWViNzEwMg.jpg;Curitiba/PR;Carine Roos
69;./Mulheres Palestrantes_files/AAEAAQAAAAAAAA26AAAAJGRmMjg4ZDA5LWEzYmYtNGZkOS1iZDM0LWI1ODVmNDMwYTgwZA.jpg;São Paulo/SP;Carla de Bona
70;./Mulheres Palestrantes_files/AAEAAQAAAAAAAArhAAAAJDI2MmY3NDU0LTQxZTItNDAyZC05MzQwLTFjMWE5NmRiMzU1Ng.jpg;São Paulo/SP;Carla Moranga
71;./Mulheres Palestrantes_files/AAEAAQAAAAAAAArfAAAAJGQyNzA4NDQ1LTI2YjEtNGQ0NS1hOGU3LWY5MzU3Zjk0OWViOA.jpg;São Paulo/SP;Camila Waz
72;./Mulheres Palestrantes_files/5ed936f516df3562fe20b3a1338e7fb5.jpeg;João Pessoa/PB;Camilla Falconi Crispim
73;./Mulheres Palestrantes_files/placeholder-female.jpg;Recife/PE;Carol Aguiar
74;./Mulheres Palestrantes_files/AAEAAQAAAAAAAAedAAAAJDhjYzVjYTIxLTU1ZTMtNDQzNy05YmVhLTUwYTcwZDdmNjNhMw.jpg;Curitiba/PR;Carol Patrocínio
75;./Mulheres Palestrantes_files/mini-carolina.png;São Paulo/SP;Carolina Ruhman Sandler
76;./Mulheres Palestrantes_files/6430260;São Paulo/SP;Caroline Burle
77;./Mulheres Palestrantes_files/i114D6dv_400x400.jpg;São Paulo/SP;Celine Ramos
78;./Mulheres Palestrantes_files/2c5fdc63b557f2588138056240fba94e;Salvador/BA;Chaiane Simmler
79;./Mulheres Palestrantes_files/f4d05fff206f059c2c5925df8dbf1bdb.jpeg;Itajaí/SC;Cíntia Mara
80;./Mulheres Palestrantes_files/8d7d0c819f2b46610e81cecf0a122c8f;Belo Horizonte/MG;Clara Verena Battesini
81;./Mulheres Palestrantes_files/24b4c5a.jpg;Salvador/BA;Clarissa Barreto
82;./Mulheres Palestrantes_files/9be3ac92a937615d8547ceec4072f177;Porto Alegre/RS;Clarissa Sóter
83;./Mulheres Palestrantes_files/96289319fa2117a461d6cfbfbf3910cf.jpeg;Recife/PE;Claudia Carolina Boletti
84;./Mulheres Palestrantes_files/AAEAAQAAAAAAAASIAAAAJDM2NDA0NjU0LTljMWEtNGQ1OS1hMGMyLWRkYjYyYzJhMTNkMg.jpg;São Bernardo/SP;Claudia Peruzzato
85;./Mulheres Palestrantes_files/7e8715a92e543bffbd9c1d41872ab06b;Porto Alegre/RS;Conceição Morais
86;./Mulheres Palestrantes_files/AAEAAQAAAAAAAAWbAAAAJDkxM2EyMmU2LTNmYzctNDQ4MC05MWI5LWIzZmE3ZDBhZTk0Yg.jpg;Recife/PE;Cynthia Torchi
87;./Mulheres Palestrantes_files/placeholder-female.jpg;Taubaté/SP;Cynthia Tscha
88;./Mulheres Palestrantes_files/acf2c97fd68b165d50bdf8f446afc0e7.jpeg;Recife/PE;Cynthia Zanoni
89;./Mulheres Palestrantes_files/0d6bb01b9265417c64fd97c6fb19bc7c.jpeg;Porto Alegre/RS;Cristal Bittencourt
90;./Mulheres Palestrantes_files/AAIAAgDGAAAAAQAAAAAAAAwtAAAAJDY1OWQ1ZGIwLTEwNGMtNDllMS04ODhlLTA4YjQzMGQyYjY3NQ.jpg;Salvador/BA;Daiany Maia de Andrade
91;./Mulheres Palestrantes_files/13053265;Ribeirão Preto/SP;Dalianny Vieira
92;./Mulheres Palestrantes_files/d0527f5a78b2e1575ccd9da7522a41c1.jpeg;Salvador/BA;Daniela Araújo
93;./Mulheres Palestrantes_files/AAEAAQAAAAAAAAxYAAAAJGYwNjlmMDcyLTdkMGYtNDM1OC1hYWEyLTA1YzdmMmUzZjIxOQ.jpg;Porto Alegre/RS;Daniela Bertocchi
94;./Mulheres Palestrantes_files/cf45e10a82c4f4638863f6d856df9ca2.jpeg;São Paulo/SP;Daniela Castilho Schwab
95;./Mulheres Palestrantes_files/0bd72ea.jpg;Campinas/SP;Daniela Feitosa
96;./Mulheres Palestrantes_files/23b588ae707121505f5bcdedb8095227.png;Salvador/BA;Daniela Palumbo
97;./Mulheres Palestrantes_files/4bb860bd1c186becbfb64a5a40d8ee19.jpeg;Campinas/SP;Daniela Petruzalek
98;./Mulheres Palestrantes_files/AAEAAQAAAAAAAAZAAAAAJGJjOWQ1OGJjLWM1MjYtNDg2My05MjlmLWQ0ZmJlODliNzg2ZA.jpg;Porto Alegre/RS;Daniela Senador
99;./Mulheres Palestrantes_files/AAEAAQAAAAAAAA2WAAAAJGViNDJjZjgyLWIwN2MtNGE1OC1iYzQxLTI5OTcwM2U3ZGEzNA.jpg;São Paulo/SP;Daniela Victorazzi
100;./Mulheres Palestrantes_files/16c4248354041b76f72da23d755d6b7b;São Paulo/SP;Daniele Andrade
101;./Mulheres Palestrantes_files/placeholder-female.jpg;Fortaleza/CE;Daniele Zandoná
102;./Mulheres Palestrantes_files/5931990;Campinas/SP;Danielle Teixeira
103;./Mulheres Palestrantes_files/AAMAAgDGAAwAAQAAAAAAAAsAAAAAJDM2ZjVjZGU0LTRkNjUtNDk2YS1hZWY3LTdiZjQ4ZGYyM2M3Yg.jpg;Lauro de Freitas/BA;Danielle Vieira
104;./Mulheres Palestrantes_files/02582cea45d1ed66154b355aa1dc696d.jpeg;Sorocaba/SP;Dayany Espíndola
105;./Mulheres Palestrantes_files/AAEAAQAAAAAAAAvoAAAAJGY2ZjM4NGQ1LWRjNTQtNDZiYy1hNWYyLTdhYTBjMDZmMzMwMg.jpg;Rio de Janeiro/RJ e São Paulo/SP;Deb Xavier
106;./Mulheres Palestrantes_files/placeholder-female.jpg;Porto Alegre/RS;Déia Zoboli
107;./Mulheres Palestrantes_files/placeholder-female.jpg;Joinville/SC;Deise Lima
108;./Mulheres Palestrantes_files/3b13bc0.jpg;Rio de Janeiro/RJ;Denise Pagnussat
109;./Mulheres Palestrantes_files/AAEAAQAAAAAAAAhBAAAAJDJjNzE0YjE0LThjMjktNDZmNC1hMmViLTA2NWNmNzdhNGUwMg.jpg;Porto Alegre/RS;Denise Teófilo
110;./Mulheres Palestrantes_files/4ce43cd2535d0afe50065a743af646e9.jpeg;Sorocaba/SP;Diana Arnos
111;./Mulheres Palestrantes_files/AAEAAQAAAAAAAAI8AAAAJDc2NTczNDQ4LWY3ZDctNGJhZC04NTkwLWQ4NTAyNWU3MDBiMw.jpg;Osasco/SP;Diane Lima
112;./Mulheres Palestrantes_files/placeholder-female.jpg;São Paulo/SP;Elisa Carlos Pereira 
113;./Mulheres Palestrantes_files/AAEAAQAAAAAAAA03AAAAJDViNGYwODRlLWM3MWEtNDRiNi05Y2MxLTdmNDZmYjQ4Mzg3MQ.jpg;Jundiaí/SP;Elis Forgerini
114;./Mulheres Palestrantes_files/placeholder-female.jpg;São Paulo/SP;Elizabeth Regina Tscha
115;./Mulheres Palestrantes_files/AAIA_wDGAAAAAQAAAAAAAAvQAAAAJDQ3M2Q1NDI5LTM2N2UtNDJiMi04NzQ4LWUwZTU3OTM0NWQ1MA.jpg;Recife/PE;Eluana Sievert Cardoso
116;./Mulheres Palestrantes_files/0c019979ee02a71763ea2e44dd91e0bb.jpeg;Curitiba/PR;Emanuelle Menali
117;./Mulheres Palestrantes_files/cd920d13e1da5783e99a4372bc0f9fd2;Santa Luzia/MG;Emmanuelle Richard
118;./Mulheres Palestrantes_files/AAMAAgDGAAwAAQAAAAAAAA8gAAAAJDIwNGYxNzVkLTMyOTctNGY5ZS1hNjgyLTM4YzI3MDVhYjllZA.jpg;Natal/RN;Erica Ariano
119;./Mulheres Palestrantes_files/AAEAAQAAAAAAAAVEAAAAJDNhZWIxNTYyLTgzMjYtNDc2ZS04MmE0LTA3NjVhYTE4MDc3NA.jpg;Santo André/SP;Érica Calil Nogueira
120;./Mulheres Palestrantes_files/0b61b5ff9300a85587390e168845cbd4.jpeg;Rio de Janeiro/RJ;Erica Marques
121;./Mulheres Palestrantes_files/82a915535fb89f078db00ec645e05cc9;Curitiba/PR;Érica Viana
122;./Mulheres Palestrantes_files/0aaf2fe.jpg;Belo Horizonte/MG;Erika Laíse
123;./Mulheres Palestrantes_files/AAEAAQAAAAAAAApsAAAAJDEyY2RjNjMxLTFjMmMtNDMwYS1iMTU2LWEzNzQ3MzFmMGRlYw.jpg;Belo Horizonte/MG;Estela Rocha
124;./Mulheres Palestrantes_files/AAEAAQAAAAAAAAt8AAAAJGQ5MWY2OTkxLTczMDUtNDUyMi04OGM3LTBlZGY1ZTFmOGU3Yw.jpg;Porto Alegre/RS;Etienne Du Jardin
125;./Mulheres Palestrantes_files/placeholder-female.jpg;São Paulo/SP;Fabiana Rocha Batista
126;./Mulheres Palestrantes_files/placeholder-female.jpg;São Paulo/SP;Fabiany Lima
127;./Mulheres Palestrantes_files/393a8afb36c128e762e5130549d22dbe.jpeg;São Paulo/SP;Fernanda Bernardo
128;./Mulheres Palestrantes_files/0f196a83d85a2c66c3eb8678b3d96e7a.jpeg;São Paulo/SP;Fernanda Campagnucci
129;./Mulheres Palestrantes_files/29c9108ca9fd4485e8b00858892bd0a5.jpeg;São Paulo/SP;Fernanda Lobato
130;./Mulheres Palestrantes_files/placeholder-female.jpg;Porto Alegre/RS;Fernanda Mano
131;./Mulheres Palestrantes_files/AAEAAQAAAAAAAAuTAAAAJDAxMWM0MjExLWZkNmEtNDZkOC05YzAwLWM0ZmY5ODhhMmQ1NQ.jpg;Rio de Janeiro/RJ;Fernanda Nascimento
132;./Mulheres Palestrantes_files/placeholder-female.jpg;São Paulo/SP;Fernanda Nogueira
133;./Mulheres Palestrantes_files/placeholder-female.jpg;São Paulo/SP;Fernanda Trindade Monteiro
134;./Mulheres Palestrantes_files/AAEAAQAAAAAAAAnfAAAAJGZlNjI4MTM2LWM1YjQtNGExNy04NGFjLTBlNzM5ZWU1ZDc1Mg.jpg;São Paulo/SP;Flávia Dias Fortes
135;./Mulheres Palestrantes_files/1158ea2d0be5632609d067d2ebebacb9.jpeg;São Paulo/SP;Francieli Viane
136;./Mulheres Palestrantes_files/AAEAAQAAAAAAAAoYAAAAJDdiMTQxNzA0LWFmOTgtNDEwOC05OTVhLThkMzNhMmNkZTVhMQ.jpg;Belo Horizonte/MG;Francine Micheli
137;./Mulheres Palestrantes_files/aa602dcc4ba2afe200d65b808f3d713f;Ribeirão Preto/SP;Gabriela Galves Nunes
138;./Mulheres Palestrantes_files/5049246;Curitiba/PR;Geisa Santos
139;./Mulheres Palestrantes_files/placeholder-female.jpg;Salvador/BA;Germanda Uchoa
140;./Mulheres Palestrantes_files/14f078115953cf2ea31d9891ac083eeb.jpeg;Recife/PE;Giana de Almeida Pereira
141;./Mulheres Palestrantes_files/568119.53d90b133af39.jpg;Florianópolis/SC;Gica Trierweiler Yabu
142;./Mulheres Palestrantes_files/placeholder-female.jpg;São Paulo/SP;Gina Gotthilf
143;./Mulheres Palestrantes_files/AAMAAgDGAAwAAQAAAAAAAA0uAAAAJGNiMTU2YWVmLWVhZDEtNGJiMC04MDM2LTdkOWI4OGU5ZWEwNA.jpg;São Paulo/SP;Giovana Penatti
144;./Mulheres Palestrantes_files/placeholder-female.jpg;São Paulo/SP;Gisele Késsia Gusmão Bizerril Gelschleiter
145;./Mulheres Palestrantes_files/41052_1241696062527_7336928_n.jpg;Aracaju/SE;Gisleine Silveira
146;./Mulheres Palestrantes_files/AAEAAQAAAAAAAAXIAAAAJDVkZDE0YTVkLTkxNmYtNDRjZC04OTljLTNhOWQ5OThjYjNmMA.jpg;Montreal/Canadá;Grazielle Mendes Rangel
147;./Mulheres Palestrantes_files/AAMAAQDGAAwAAQAAAAAAAAvyAAAAJGU2Zjg1NzU1LTY4MjMtNDI4NS04MTlhLTJhOTJmNzc0MmJmZg.jpg;Belo Horizonte/MG;Halina Medina
148;./Mulheres Palestrantes_files/92f91622d6f40aee53dae82376a1b725;São Paulo/SP;Hanna Pereira
149;./Mulheres Palestrantes_files/96b81d9c691891f599a9c35dcbb412f0.png;São Vicente/SP;Haydée Svab
150;./Mulheres Palestrantes_files/placeholder-female.jpg;São Paulo/SP;Helena Margarido
151;./Mulheres Palestrantes_files/placeholder-female.jpg;São Paulo/SP;Hendy Almeida
152;./Mulheres Palestrantes_files/a3a83c902112cedccc0e071147027a72.jpeg;São Paulo/SP;Hevlin Costa
153;./Mulheres Palestrantes_files/AAMAAQDGAAwAAQAAAAAAAA6mAAAAJDY5ZmJlZWVhLTRmMWUtNGFjNS1iMTljLWMxYTE4OGYzM2ZmNQ.jpg;Jundiaí/SP;Iaci Gomes
154;./Mulheres Palestrantes_files/4542747;Belém/PA;Isabella Silveira
155;./Mulheres Palestrantes_files/018be55.jpg;Rio de Janeiro/RJ;Ingrid Mantonavi
156;./Mulheres Palestrantes_files/AAEAAQAAAAAAAAg_AAAAJGYyMmM0NzM1LTEyZGYtNDFkMC04MmMwLTI5NTE5ZmM5OWQxMw.jpg;São Paulo/SP;Ivanise Gomes
157;./Mulheres Palestrantes_files/b58009e9c7a0dee56bfb552e58f69ca8.jpeg;Campinas/SP;Izadora Ribeiro Perkoski
158;./Mulheres Palestrantes_files/AAMAAgDGAAwAAQAAAAAAAA5AAAAAJDRkZWIyZTA3LTg3ZTctNGNiZi04ODhlLTY2NGZiYTdjYjNhMQ.jpg;São Paulo/SP;Izza Simões
159;./Mulheres Palestrantes_files/24320336;João Pessoa/PB;Jacqueline Yumi Asano
160;./Mulheres Palestrantes_files/AAEAAQAAAAAAAAvoAAAAJDgxMDczMjgwLWUwOTYtNDI1MS1hYzRlLThlYjU1ZTM5NTMzMg.jpg;Florianópolis/SC;Janine Saponara
161;./Mulheres Palestrantes_files/AAMABADGAAwAAQAAAAAAAAoJAAAAJDEzNTE5YjY4LTBhMzEtNDcyNC04YWIwLTgxNTU2NDdkYWQ0Yg.jpg;São Paulo/SP;Janynne Gomes
162;./Mulheres Palestrantes_files/4261484;Governador Valadares/MG;Jeliel Mendes
163;./Mulheres Palestrantes_files/placeholder-female.jpg;Porto Alegre/RS;Jennifer Payne
164;./Mulheres Palestrantes_files/35beca46843e4adcbd43df1bc93ce38b.jpeg;Blumenau/SC;Jessica Temporal
165;./Mulheres Palestrantes_files/placeholder-female.jpg;Osasco/SP;Jessilanny Nóbrega
166;./Mulheres Palestrantes_files/placeholder-female.jpg;Campina Grande/PB;Josilene Santana
167;./Mulheres Palestrantes_files/2b1269b.jpg;Recife/PE;Joviane Jardim
168;./Mulheres Palestrantes_files/0b8df4309d2e40efce1208242c35a058;São Paulo/SP;Juciellen Cabrera
169;./Mulheres Palestrantes_files/AAIAAgDGAAAAAQAAAAAAAA1PAAAAJGI3YTM0ZGI2LTI4ODItNGY1OS04Y2VkLWZkYWJiOTBiZmVmOA.jpg;Guarulhos/SP;Juily Manghirmalani
170;./Mulheres Palestrantes_files/fb39d8165fcc2edf3375d0eba8b0d6ff.jpeg;São Paulo/SP;Júlia Albuquerque
171;./Mulheres Palestrantes_files/AAEAAQAAAAAAAAjwAAAAJDkzYmFkMTU3LTYwNjUtNDFlOC04NWVhLTRiMDZjZTU0ZTlkZg.jpg;Maceió/AL;Julia Stateri
172;./Mulheres Palestrantes_files/AAEAAQAAAAAAAAjqAAAAJGNkYjM1YTgzLTYxMzItNDkyMC1iNGUxLWJjMjBiYzg0YmNlMA.jpg;Campinas/SP;Juliana de Bittencourt Escobar
173;./Mulheres Palestrantes_files/AAMABADGAAwAAQAAAAAAAA6zAAAAJGRjMGVhYmE3LTQ5ZTgtNGU3Yy04NTJkLTQ5NTU2NjJlNDllOA.jpg;Porto Alegre/RS;Juliana Carvalho
174;./Mulheres Palestrantes_files/placeholder-female.jpg;João Pessoa/PB;Juliana Chahoud
175;./Mulheres Palestrantes_files/3291727;São Paulo/SP;Juliana Félix Nunes
176;./Mulheres Palestrantes_files/037d35f865f95571c3194b4c84a4915b.jpeg;Goiânia/GO;Juliana Fernandes
177;./Mulheres Palestrantes_files/placeholder-female.jpg;Porto Alegre/RS;Juliana Fernandes
178;./Mulheres Palestrantes_files/AAEAAQAAAAAAAAviAAAAJGFhMzc0MDFiLWZjNTAtNDE1YS1hZGE2LWYxMjU3MTRkZWJmMg.jpg;São Paulo/SP;Juliana Guerra
179;./Mulheres Palestrantes_files/AAEAAQAAAAAAAAd8AAAAJDc0MTdjYWJjLWQxYTMtNGQ1NS1hNDQxLWIwZjAxNmZmZjhmMA.jpg;São Paulo/SP;Juliana Hercowitz
180;./Mulheres Palestrantes_files/AAIA_wDGAAAAAQAAAAAAAAxxAAAAJDc0NTMyMGNmLWI3MGUtNGRlOC05ZGEwLWI1MGYzMjkzODkwOQ.jpg;São Paulo/SP;Juliana Wallauer
181;./Mulheres Palestrantes_files/AAEAAQAAAAAAAAl0AAAAJDM1OWFmZTI2LTM0OTQtNDMwMy1hN2Q2LTUyODgzNjg5YTNhZg.jpg;São Paulo/SP;Juliene Alves
182;./Mulheres Palestrantes_files/APVpL4L6_400x400.jpg;Recife/PE;Julyane Miranda
183;./Mulheres Palestrantes_files/ad74bd0e6c00310471c4761e1ec73f5d;Rio de Janeiro/RJ;Karen Figueiredo
184;./Mulheres Palestrantes_files/5774b104265c725d9ea7e65b5411a2c2.jpeg;Cuiabá/MT;Karina Girardi Roggia
185;./Mulheres Palestrantes_files/placeholder-female.jpg;Joinville/SC;Karina Martins
186;./Mulheres Palestrantes_files/placeholder-female.jpg;São Paulo/SP;Karla Patriota Bronsztein
187;./Mulheres Palestrantes_files/3bae151.jpg;Recife/PE;Kathlen Amado
188;./Mulheres Palestrantes_files/82810bb4e5c8a9caecda9f48ed285ffc.jpeg;Brasília/DF;Kelly Kiyumi
189;./Mulheres Palestrantes_files/891f39aa823d65aed365e0b801a58af8.jpeg;São Paulo/SP;Krystal Campioni
190;./Mulheres Palestrantes_files/2b1fd1c.jpg;São Paulo/SP;Laís Carvalho
191;./Mulheres Palestrantes_files/AAEAAQAAAAAAAAROAAAAJDdiM2Q2ZGMyLWY5NGUtNDUxOC1iZmRmLWE0MGEyNDdhOTE4Mg.jpg;São Paulo/SP;Lais de Lima
192;./Mulheres Palestrantes_files/55ea4b542e9aef1c4cfc45e30100b9a9;Belém/PA;Larissa Sá 
193;./Mulheres Palestrantes_files/placeholder-female.jpg;Brasilia/DF;Laura Gurgel
194;./Mulheres Palestrantes_files/AAEAAQAAAAAAAAeOAAAAJDY0Yzc1ZDk4LTExYTItNGJkZS1hNWViLTAxZWQyYTllNjQwMw.jpg;São Paulo/SP;Laura Nobrega
195;./Mulheres Palestrantes_files/placeholder-female.jpg;São Paulo/SP;Letícia Passarelli Canova
196;./Mulheres Palestrantes_files/a47dc8cc9354985bd4f688c78e910261.png;São Paulo/SP;Leticia Figueira
197;./Mulheres Palestrantes_files/AAEAAQAAAAAAAAmJAAAAJDJkMDQ1YzQ0LThhZGEtNGZiNS1hMjdkLTIwNmJjMDFhZTc2MA.jpg;Porto Alegre/RS;Letícia Millião
198;./Mulheres Palestrantes_files/AAEAAQAAAAAAAAlHAAAAJDAyMDMwNjkwLWMxNTYtNDIyYy1iYzYxLWRjOGM0MmQzMjI3NA.jpg;São Paulo/SP;Letícia Motta
199;./Mulheres Palestrantes_files/96f6148ae5af63f90246a3817686b457.jpeg;Rio de Janeiro/RJ;Leticia Portella
200;./Mulheres Palestrantes_files/0ce2411.jpg;Ribeirão Preto/SP;Leticia Pozza
201;./Mulheres Palestrantes_files/13442773;Porto Alegre/RS;Letticia Nicoli
202;./Mulheres Palestrantes_files/171d49d996b7c9c2d93af7066948dc47.jpeg;São Paulo/SP;Lhaís Rodrigues
203;./Mulheres Palestrantes_files/b71e8a1577930c3d84478e5c325d5d53.jpeg;Recife/PE;Lidiane De Souza Monteiro
204;./Mulheres Palestrantes_files/AAEAAQAAAAAAAAwCAAAAJDljZGVjYTY5LWY3NWYtNDM5Yi1hYmExLTAyNDUwNmJlY2JjZg.jpg;Recife/PE;Lígia Bernar
205;./Mulheres Palestrantes_files/7f92138973430327cc2a6c2758c31b15.png;Belém/PA;Lígia Zeppelini
206;./Mulheres Palestrantes_files/da72818e353c00159b1e259359de6fe0;São Paulo/SP;Liliam Leal
207;./Mulheres Palestrantes_files/16c4a29.jpg;São Paulo/SP;Lilian Gonçalves
208;./Mulheres Palestrantes_files/08a9d15.jpg;São Paulo/SP;Lina Garrido
209;./Mulheres Palestrantes_files/23afdd1.jpg;São Paulo/SP;Lisi Moraes
210;./Mulheres Palestrantes_files/59545;Florianópolis/SC;Loiane Groner
211;./Mulheres Palestrantes_files/placeholder-female.jpg;São Paulo/SP;Luana Weitzel
212;./Mulheres Palestrantes_files/AAEAAQAAAAAAAAs9AAAAJDEzMjhhMmY3LTBhZTMtNDYyMS1hNTI1LWNkNjZiMmViOWVhZA.jpg;Rio de Janeiro/RJ;Luciana Guerra
213;./Mulheres Palestrantes_files/placeholder-female.jpg;São Paulo/SP;Luciana Minev
214;./Mulheres Palestrantes_files/placeholder-female.jpg;Manaus/AM;Luciana Stabile
215;./Mulheres Palestrantes_files/65c5b3ac0eeae6d90fea315e72068f16.jpeg;Ribeirão Preto/SP;Luiza Guerra
216;./Mulheres Palestrantes_files/AAEAAQAAAAAAAAliAAAAJDZmZWIxM2RhLTJiM2MtNDIyZS04OTViLTc0NzI4YjA2OGY1Nw.jpg;Belo Horizonte/MG;Macarena Garcia
217;./Mulheres Palestrantes_files/7ee96fafef481d455a222c6102cf3528.jpeg;São Paulo/SP;Maitê Balhester
218;./Mulheres Palestrantes_files/placeholder-female.jpg;Santo André/SP;Marcela Costa
219;./Mulheres Palestrantes_files/AAEAAQAAAAAAAAxHAAAAJGIwYjc2Mzc5LWM3MDAtNGM1NC04MTQyLTk4MDc2ZGNiMDE2ZQ.jpg;Recife/PE;Marcela Milano
220;./Mulheres Palestrantes_files/AAEAAQAAAAAAAAMzAAAAJGYwZjJjYmM1LTEzODktNDFmZS05YzFkLWE3ODUwN2FlNDcwYQ.jpg;Curitiba/PR;Marcela Oliveira
221;./Mulheres Palestrantes_files/ac3d63657b5e83530e24cde0172776c0.jpeg;São Paulo/SP;Marcela Santos
222;./Mulheres Palestrantes_files/67f4a42acf26552b0212c6fb6e4b186f.jpeg;Porto Alegre/RS;Márcia Santos Almeida
223;./Mulheres Palestrantes_files/78b75aad21ed5ed351d9822d77acd7fc.jpeg;Goiânia/GO;Maria Clara Santana
224;./Mulheres Palestrantes_files/placeholder-female.jpg;Maceió/AL;Marina Miranda
225;./Mulheres Palestrantes_files/acf4d17d0e0a7f8f0ba61f4d7895c489.jpeg;São Paulo/SP;Mariana Araujo Mioto
226;./Mulheres Palestrantes_files/placeholder-female.jpg;Porto Alegre/RS;Mariana Camargo
227;./Mulheres Palestrantes_files/2fec6491815582734b1ddc97449a44a4;São Paulo/SP;Mariana Gomes 
228;./Mulheres Palestrantes_files/AAEAAQAAAAAAAAkQAAAAJGZlMjFlZDM5LWJmY2ItNDYwMi04MzRmLTlkZWMwOTlmNjNkNw.jpg;São Paulo/SP;Mariana Janeiro
229;./Mulheres Palestrantes_files/852d4d7999da6483617ca28da2383b4d.jpeg;Jundiaí/SP;Mariana Maneira
230;./Mulheres Palestrantes_files/1b21abc.jpg;São Paulo/SP;Mariana Matos
231;./Mulheres Palestrantes_files/c2eae133a7e4c21231cb8e886497198c;Rio de Janeiro/RJ;Marianne Costa
232;./Mulheres Palestrantes_files/4c2f1d898d747dab7585d050ac8273ca;São Paulo/SP;Mariela Castro
233;./Mulheres Palestrantes_files/022ff18e9fba3f2db09f7e35f1c5c339;Curitiba/PR;Marina Arilha Silva
234;./Mulheres Palestrantes_files/1f18906.jpg;Jundiaí/SP;Maristela Moura
235;./Mulheres Palestrantes_files/901ef2fc184b347a5f5717c2ddc3f5e6.jpeg;Indaiatuba/SP;Marta Preuss
236;./Mulheres Palestrantes_files/AAEAAQAAAAAAAAMtAAAAJDMyZDY1Y2UyLTAxZWUtNDk2Ny1iODI1LWJjMmY4ODQ0NzFhZQ.jpg;Florianópolis/SC;Marla Dore
237;./Mulheres Palestrantes_files/e3a29c667bd11908fe3006b90bc61619.jpeg;Salvador/BA;Martina Scherrer
238;./Mulheres Palestrantes_files/4465d8b13bc5825ffbe1ebea01cc7cc8;Porto Alegre/RS;Mayara Carolina de Paula
239;./Mulheres Palestrantes_files/10636124_932122716807075_2937596775672211091_n.jpg;Fortaleza/CE;Mayara Miranda
240;./Mulheres Palestrantes_files/AAEAAQAAAAAAAA3HAAAAJDI0NGJiMTRkLTJjMmUtNDJkNy04YTdkLWRkNGUwNzZmMTc2ZA.jpg;São Paulo/SP;Mayra Fonseca
241;./Mulheres Palestrantes_files/13318439;São Paulo/SP;Mayra R Souza
242;./Mulheres Palestrantes_files/AAEAAQAAAAAAAAwGAAAAJGQxMGE3ZWNkLTgxNzUtNDA3My04ZDBkLWVjN2E2ZDE4OGUyNg.jpg;Porto Alegre/RS;Maysa de Oliveira
243;./Mulheres Palestrantes_files/AAEAAQAAAAAAAAlvAAAAJDUyODNlMzE2LWRiNmMtNDUxYy1hNDA3LTZhMWNmMWUxN2U0MA.jpg;São Paulo/SP;Meli Malatesta
244;./Mulheres Palestrantes_files/ad3b9541600ce3b1e57fdebfa6191c20.jpeg;São Paulo/SP;Melissa Devens
245;./Mulheres Palestrantes_files/placeholder-female.jpg;Campinas /SP;Michele Costa
246;./Mulheres Palestrantes_files/placeholder-female.jpg;Rolim de Moura/RO;Michelle Guimarães
247;./Mulheres Palestrantes_files/placeholder-female.jpg;Manaus/AM;Mila Paes Leme Marques
248;./Mulheres Palestrantes_files/AAEAAQAAAAAAAAxVAAAAJDQyOTdjYzZiLTBlNmQtNDgwYS1iMmNmLTk3ZTc2YjM4MGY5MA.jpg;São Paulo/SP;Mimi Newton
249;./Mulheres Palestrantes_files/placeholder-female.jpg;São Paulo/SP;Mirian Meliani Nunes
250;./Mulheres Palestrantes_files/d0cee09c38060345dcdc63d055f0bc54.jpeg;São Paulo/SP;Mônica Bulgari
251;./Mulheres Palestrantes_files/d4be3cb0a04673af6d875058c2c2effe;Campinas/SP;Mychelle Jacob
252;./Mulheres Palestrantes_files/AAEAAQAAAAAAAAjGAAAAJDg2ZGU5MWIzLThkYWItNDkxMS1iYTk0LTdmZTA1OGFhMDIxMg.jpg;Olinda/PE ;Myrian Connor
253;./Mulheres Palestrantes_files/placeholder-female.jpg;Castanhal/PA;Nadezhda Bezerra Batista
254;./Mulheres Palestrantes_files/AAIAAgDGAAAAAQAAAAAAAAmeAAAAJDBmZTY5NGExLTQxOTMtNDc2Yi1hOTkxLTY4OWI1MjUzYTkxZg.jpg;Recife/PE;Nádia Rebouças
255;./Mulheres Palestrantes_files/AAEAAQAAAAAAAAuTAAAAJDU1YmY3YTU1LTdmMmEtNDhmOS05OTFhLTk3M2E0NjczYjVmYQ.jpg;Rio de Janeiro/RJ;Natália Menhem
256;./Mulheres Palestrantes_files/60a21ab75db2e268aa55b2973e2f69c8;Belo Horizonte/MG;Natascha Hun
257;./Mulheres Palestrantes_files/AAEAAQAAAAAAAAh8AAAAJGYxZDdmZTZhLTFhZGQtNDZhNy04MDY2LTgwZTRmNjcyZjQ1ZA.jpg;Sorocaba/SP;Natasha Romariz
258;./Mulheres Palestrantes_files/aee3962dd39be56420d63161bb0c859c;Rio de Janeiro/RJ;Nathalia Novaes Leonessa
259;./Mulheres Palestrantes_files/ce31b72323ed84b80253f4340c98c9dd.png;Sorocaba/SP;Nathalia Sautchuk Patrício
260;./Mulheres Palestrantes_files/AAEAAQAAAAAAAAqnAAAAJDllZGQzNWVhLWUyMTQtNDJlNS05NGMxLTNlMjlkNWM1OWQ2Yw.jpg;São Paulo/SP;Nessa Rodrigues
261;./Mulheres Palestrantes_files/371e87d45d7e34a1ed6f82a665714106.jpeg;Porto Alegre/RS;Olivia Janequine
262;./Mulheres Palestrantes_files/placeholder-female.jpg;Porto Alegre/RS;Paola Tucunduva
263;./Mulheres Palestrantes_files/placeholder-female.jpg;São Paulo/SP;Patricia Almeida Ferreira
264;./Mulheres Palestrantes_files/b909b45ac714b7e019b3e6c3c1623916;São Paulo/SP;Patricia Arruda
265;./Mulheres Palestrantes_files/a125fea1abff71dd443b09ba3918c482;União da Vitória/PR;Patricia de Paula
266;./Mulheres Palestrantes_files/AAIA_wDGAAAAAQAAAAAAAAy7AAAAJGUwNTQxMGJkLTJmMmYtNDliMy05NGFmLTM5MjA3NTFmY2I3OQ.jpg;São Paulo/SP;Patricia Kouzmine
267;./Mulheres Palestrantes_files/placeholder-female.jpg;Brasília/DF;Patricia Ramos de Quadros
268;./Mulheres Palestrantes_files/placeholder-female.jpg;São Paulo/SP;Patrícia Ribeiro
269;./Mulheres Palestrantes_files/AAEAAQAAAAAAAAdHAAAAJDE5NDQxMTQ0LWU0M2YtNDQzOC1iZTQ4LWY1N2UwZTE0ODhkYw.jpg;Campinas/SP;Patrícia Sant'Anna
270;./Mulheres Palestrantes_files/placeholder-female.jpg;São Paulo/SP;Paula Diniz
271;./Mulheres Palestrantes_files/ed70023e19882637aef103170e81f365.jpeg;Belo Horizonte/MG;Paula Faria
272;./Mulheres Palestrantes_files/2524981;Rio de Janeiro/RJ;Paula Grangeiro
273;./Mulheres Palestrantes_files/placeholder-female.jpg;Manaus/AM;Paula Quintão
274;./Mulheres Palestrantes_files/08df93d.jpg;Salvador/BA;Paulinha Paz
275;./Mulheres Palestrantes_files/placeholder-female.jpg;Natal/RN;Preta Emmeline
276;./Mulheres Palestrantes_files/0ecd5129c8defe57116e45a8078c2a68.jpeg;São Paulo/SP;Priscila Chagas
277;./Mulheres Palestrantes_files/AAEAAQAAAAAAAAimAAAAJDNmY2FjMWI5LWViODktNDhhZi04N2Y3LTA2MjQxNDUzMDM5YQ.jpg;Rio de Janeiro/RJ;Rafaela Marques
278;./Mulheres Palestrantes_files/placeholder-female.jpg;Rio de Janeiro/RJ;Rafaella Cavalca
279;./Mulheres Palestrantes_files/68328f099165564e758f8bd7c0a7ae05.jpeg;Rio de Janeiro/RJ;Raissa dos Santos Ferreira
280;./Mulheres Palestrantes_files/AAEAAQAAAAAAAAh_AAAAJDg3YTdhY2RhLWFlMTItNGJhYS04MmZjLWIzNzA0ZDZkODRmYw.jpg;São Paulo/SP;Raissa Klain Belchior
281;./Mulheres Palestrantes_files/AAEAAQAAAAAAAAlqAAAAJGZmYzk4Y2JmLTU4OWEtNDhmMS04MmU3LTdjNjFmMzM5MjZjYg.jpg;Belo Horizonte/MG;Raquel Camargo
282;./Mulheres Palestrantes_files/21d98c7ad075efd639ffbf0e50f9af35;Recife/PE;Raquel de Oliveira Santos Lira
283;./Mulheres Palestrantes_files/cf9ab0b3894b990e19f4e85d6b62f34b.png;Curitiba/PR;Raquel Prado
284;./Mulheres Palestrantes_files/placeholder-female.jpg;São Paulo/SP;Raquel Preto
285;./Mulheres Palestrantes_files/placeholder-female.jpg;Vila Velha/ES;Raquel Santachiara
286;./Mulheres Palestrantes_files/placeholder-female.jpg;Natal/RN;Rayanny Nunes
287;./Mulheres Palestrantes_files/placeholder-female.jpg;São Paulo/SP;Reimy Solange Chagas
288;./Mulheres Palestrantes_files/AAEAAQAAAAAAAAMUAAAAJDUxZWE0OGQ2LTk0N2MtNDIwOS04MzBlLWNjM2RkNzIzOGJlMA.jpg;São Paulo/SP;Renata Machado Tárrio
289;./Mulheres Palestrantes_files/placeholder-female.jpg;Porto Alegre/RS;Renata Masseroni
290;./Mulheres Palestrantes_files/cb653395be591fe2387eddfb9319e4a3.jpeg;Rio de Janeiro/RJ;Rebeca Bordini
291;./Mulheres Palestrantes_files/acac3abd195659bf7d40086bae543427.jpeg;Osasco/SP;Rebeca Serpa
292;./Mulheres Palestrantes_files/placeholder-female.jpg;Santos/SP;Rita Lino
293;./Mulheres Palestrantes_files/placeholder-female.jpg;Fortaleza/CE;Robertta Mota
294;./Mulheres Palestrantes_files/f45e8318bf829e33e34c1b8b10e2cb1d.jpeg;Brasilia/DF;Ronaiza Cardoso
295;./Mulheres Palestrantes_files/AAMAAgDGAAwAAQAAAAAAAA8YAAAAJDg3YmI2ODkwLThlNjAtNGEyYy04MDUxLWJiODM1NTRkZTY3YQ.jpg;São Paulo/SP;Rosália Cipriano Oliveira
296;./Mulheres Palestrantes_files/placeholder-female.jpg;São Paulo/SP;Rosi Rodrigues
297;./Mulheres Palestrantes_files/6be2f94c93c57c403c131e6c80b6c356.jpeg;Joinville/SC;Rosicléia Frasson
298;./Mulheres Palestrantes_files/AAEAAQAAAAAAAAlyAAAAJDkzYzQ4MmMzLWNiYWItNDUzNC05YjA5LTU3ZGQ3OTRkMzYxMA.jpg;Belo Horizonte/MG;Rute Faria
299;./Mulheres Palestrantes_files/d0e2beb1970140f2b36a8aa334c068a8.jpeg;Rio de Janeiro/RJ;Samanta Cicilia
300;./Mulheres Palestrantes_files/2932644;Porto Alegre/RS;Samantha Rosa
301;https://storymax.me/images/samira_lowres.jpg;São Paulo/SP;Samira Almeida
302;./Mulheres Palestrantes_files/6650913;Fortaleza/CE;Sandy Maciel
303;./Mulheres Palestrantes_files/destaque_1502386742SilvanaBahia.jpg;Rio de Janeiro/RJ;Silvana Bahia
304;./Mulheres Palestrantes_files/92cb9418155e8ae0de2214fafc908a43.jpeg;São Paulo/SP;Silvia Helena Rocha Campos
305;./Mulheres Palestrantes_files/placeholder-female.jpg;São Paulo/SP;Silvia Valadares
306;./Mulheres Palestrantes_files/0d3d7d27f9da8e0f1d2b69c626c9b4cc.jpeg;Recife/PE;Simone Amorim
307;./Mulheres Palestrantes_files/9ac1f87ee020a87404cc22a3185966b1.jpeg;Florianópolis/SC e São Paulo/SP;Simone Pittner
308;./Mulheres Palestrantes_files/6z7rU3yQ_400x400.jpeg;São Paulo/SP;Soraia Lima
309;./Mulheres Palestrantes_files/07bab57.jpg;São Bernardo do Campo/SP;Stella Dauer
310;./Mulheres Palestrantes_files/AAEAAQAAAAAAAA29AAAAJDBiMjY0ZjkxLTBhMDUtNDg3NC04ZmNlLTU4MmQyNjRjZGJlYQ.jpg;Campinas/SP;Suzana Bueno
311;./Mulheres Palestrantes_files/placeholder-female.jpg;Belo Horizonte/MG;Suzana Cohen
312;./Mulheres Palestrantes_files/placeholder-female.jpg;Guarulhos/SP;Tais Oliveira
313;./Mulheres Palestrantes_files/placeholder-female.jpg;São Paulo/SP;Talita Lombardi
314;./Mulheres Palestrantes_files/7b6f40fb2885d5c45f5f676df4bab5fb.jpeg;São Paulo/SP;Talita Pagani
315;./Mulheres Palestrantes_files/dd46d758ae021e8f78c9cd8cefef0c27.jpeg;Florianópolis/SC;Talita Rossari 
316;./Mulheres Palestrantes_files/2ce3c115479dbae97ee681b28ffc6725.jpeg;Recife/PE;Tancicleide Gomes
317;./Mulheres Palestrantes_files/3ed51c2d50a2549abbfd64875b4ff641;São Paulo/SP;Tatiana Assali
318;./Mulheres Palestrantes_files/c5bccef3550aecfec2f68c38626c0860;Fortaleza/CE;Tatiana Lourenço
319;./Mulheres Palestrantes_files/placeholder-female.jpg;Campinas/SP;Tatiana Pezoa
320;./Mulheres Palestrantes_files/placeholder-female.jpg;São Paulo/SP;Tatiana Tosi
321;./Mulheres Palestrantes_files/placeholder-female.jpg;Porto Alegre/RS;Tatiana Vargas Maia
322;./Mulheres Palestrantes_files/placeholder-female.jpg;São Paulo/SP;Tatiane Conceição Vergueiro
323;./Mulheres Palestrantes_files/AAEAAQAAAAAAAAxBAAAAJDU3ODJiZjg5LTk1N2EtNGRmOS04YzNiLTg0ZGVjNWU1Njg3ZA.jpg;São Paulo/SP;Tatti Maeda
324;./Mulheres Palestrantes_files/placeholder-female.jpg;São Paulo/SP;Tayra Vasconcelos
325;./Mulheres Palestrantes_files/placeholder-female.jpg;Belém/PA;Thais Gentile
326;./Mulheres Palestrantes_files/placeholder-female.jpg;São Paulo/SP;Thais Godinho
327;./Mulheres Palestrantes_files/placeholder-female.jpg;Recife/PE;Thais Moura de Freitas
328;./Mulheres Palestrantes_files/placeholder-female.jpg;Salvador/BA;Thais Souza
329;./Mulheres Palestrantes_files/54cf6dffa00e7d9f58f44da987cf53e6;Recife/PE;Thaisa Mirely
330;./Mulheres Palestrantes_files/aef601b2a2eb44af917418e2ae9fa339;Porto Alegre/RS;Thaise Saeter
331;./Mulheres Palestrantes_files/e4103d70005e648a639d33a287a8dc0d.jpeg;Belo Horizonte/MG;Thalita Nick Pinheiro
332;./Mulheres Palestrantes_files/placeholder-female.jpg;São Paulo/SP;Thaty Moura
333;./Mulheres Palestrantes_files/placeholder-female.jpg;São Paulo/SP;Uafa Smaili
334;./Mulheres Palestrantes_files/4bbf316b66f8a754e0f9cdf67254515d.jpeg;Goiânia/GO;Valéria Barros
335;./Mulheres Palestrantes_files/1ddbed5.jpg;Belo Horizonte/MG;Vanessa Gonçalves Ferreira
336;./Mulheres Palestrantes_files/1b874de.jpg;Caxias do Sul/RS;Vanessa Kukul
337;./Mulheres Palestrantes_files/2401246468e994e03713d5b83c16adaa.jpeg;São Paulo/SP;Vanessa Me Tonini
338;./Mulheres Palestrantes_files/AAEAAQAAAAAAAAuwAAAAJGFkZjQ4ODBhLWMwY2UtNDg1MC04MTI5LTk2NzI1ODkwYzkyYQ.jpg;São Paulo/SP;Vanessa Queiroz
339;./Mulheres Palestrantes_files/placeholder-female.jpg;São Paulo/SP;Vanessa Rocha
340;./Mulheres Palestrantes_files/AAEAAQAAAAAAAAGDAAAAJDhmOGRhMjExLWNkZGMtNDBhMy1hNmI4LWZjZjUwNTRlMWE4NQ.jpg;Londrina/PR;Vera Cristina de Moraes
341;./Mulheres Palestrantes_files/AAEAAQAAAAAAAATqAAAAJGQ2ZDgyN2FkLThkYmItNDBiOC05YzI3LWU4Mzk0ZmQyNzZjZA.jpg;São Paulo/SP;Vivian Vianna
342;./Mulheres Palestrantes_files/placeholder-female.jpg;São Paulo/SP;Viviane Vilella
343;./Mulheres Palestrantes_files/e8922e930f20a9daa1e0a5169235ba4e.jpeg;Curitiba/PR;Yanne Moreira
344;./Mulheres Palestrantes_files/7e089e6db99186280cfe1bbd1a80117c.png;São Paulo/SP;Yasodara Córdova
